favorite_count,source,text,in_reply_to_screen_name,is_retweet,created_at,retweet_count,id_str
0,Twitter Web Client,"RT @VP: Judge Gorsuch is one of the most mainstream, respected, and exceptionally qualified Supreme Court nominees in American history.",,True,Wed Feb 01 01:18:24 +0000 2017,4331,826600556621885442
9389,Twitter Web Client,"""January 20th 2017, will be remembered as the day the people became the rulers of this nation again."" - @POTUS",,False,Fri Jan 20 18:39:18 +0000 2017,2985,822513852847796224
7385,Twitter Web Client,"Happy birthday, George Washington! Learn more about our first President here: https://t.co/NQSN4lfTOu https://t.co/CD2dn6YIxz",,False,Wed Feb 22 14:32:52 +0000 2017,1781,834410634817200130
0,Twitter Web Client,RT @POTUS: 'People want protection and a wall protects. All you have to do is ask Israel...' @realDonaldTrump https://t.co/QeTbiJpaDY,,True,Fri Jan 27 12:50:54 +0000 2017,8020,824962889501011969
0,Twitter Web Client,"RT @GorsuchFacts: .@POTUS Trump has chosen a #SCOTUS with a brilliant legal mind, sterling academic credentials, &amp; a commitment to constitu‚Ä¶",,True,Wed Feb 01 01:28:30 +0000 2017,7733,826603098072297472
0,Twitter Web Client,"RT @POTUS: President Trump's Nominee for the Supreme Court Neil M. Gorsuch. 
#SCOTUS #JusticeGorsuch 
https://t.co/OnnJxv0sNG https://t.co/‚Ä¶",,True,Wed Feb 01 01:18:31 +0000 2017,6269,826600584274907138
7019,Twitter for iPhone,"Statement by the Press Secretary:
At the earliest possible time, the Dept. of Justice intends to file an emergency...https://t.co/hJKLPqHSg1",,False,Sat Feb 04 03:27:03 +0000 2017,2399,827720094415478785
0,Twitter for iPhone,RT @POTUS: Proud to honor the start of Black History Month at the @WhiteHouse this morning with @VP Mike Pence. https://t.co/CaXOykzR4d,,True,Wed Feb 01 16:44:38 +0000 2017,8616,826833650008330240
0,Twitter Web Client,RT @POTUS: Highlights From The President‚Äôs Listening Session With Pharmaceutical Industry Leaders at the @WhiteHouse today: https://t.co/YM‚Ä¶,,True,Tue Jan 31 22:33:29 +0000 2017,3506,826559051240730624
10312,Twitter for iPhone,"Happy Birthday to President Abraham Lincoln! #POTUS16
https://t.co/1sMucHiW1T https://t.co/POGSyZlM4R",,False,Mon Feb 13 01:50:24 +0000 2017,2446,830957264114708485
4395,Twitter Web Client,"Join us LIVE as @VP Pence participates in the swearing-in of Secretary of Veterans Affairs, Dr. David Shulkin:‚Ä¶ https://t.co/ch3QIvGYTe",,False,Tue Feb 14 19:35:43 +0000 2017,821,831587745587929090
0,Twitter for iPhone,RT @VP: Tune in to @FoxNews tonight at 10 p.m. ET as I sit down w/ @seanhannity to discuss the need for an up or down vote on @POTUS' SCOTU‚Ä¶,,True,Fri Feb 03 00:12:31 +0000 2017,1682,827308752688799744
0,Twitter Web Client,RT @realDonaldTrump: Statement on International Holocaust Remembrance Day: https://t.co/KjU0MOxCHk,,True,Fri Jan 27 20:44:21 +0000 2017,10875,825082036893396993
0,Twitter Web Client,"RT @realDonaldTrump: Today, we remember the crew of the Space Shuttle Challenger, 31 years later. #NeverForget https://t.co/OhshQsFRfl",,True,Sat Jan 28 15:57:06 +0000 2017,33159,825372136940400641
0,Twitter for iPhone,RT @dougducey: BIG ANNOUNCEMENT!! HUGE NEWS!! NEW JOBS FOR #ARIZONA! @intel @bkrunner @realDonaldTrump @POTUS @WhiteHouse https://t.co/HgsX‚Ä¶,,True,Thu Feb 09 01:12:05 +0000 2017,1261,829498067242057730
0,Twitter for iPhone,"RT @VP: As #BlackHistoryMonth¬†begins, we remember when Pres. Lincoln submitted the 13th Amendment, ending slavery, to the states #NationalF‚Ä¶",,True,Thu Feb 02 02:06:09 +0000 2017,3844,826974960052797440
6674,Twitter Web Client,.@FLOTUS Melania Trump is pleased to announce the White House Visitors Office will resume public tours on March 7th https://t.co/FhJUf1UP1m,,False,Tue Feb 14 19:05:16 +0000 2017,1709,831580081814458368
0,Twitter for iPhone,RT @realDonaldTrump: Getting ready to deliver a VERY IMPORTANT DECISION!  8:00 P.M.,,True,Wed Feb 01 00:32:52 +0000 2017,16793,826589098399907841
0,Twitter Web Client,RT @GorsuchFacts: Join us in congratulating Judge Neil Gorsuch on his nomination for #SCOTUS! Read his bio here: https://t.co/Im2VNUG6Bk #J‚Ä¶,,True,Wed Feb 01 01:18:36 +0000 2017,7006,826600604130766848
0,Twitter Web Client,RT @PressSec: .@POTUS  speaks with German Chancellor Merkel from the Oval Office.  One of five heads of government calls today https://t.co‚Ä¶,,True,Sat Jan 28 16:43:58 +0000 2017,2170,825383929381343237
0,Twitter for iPhone,RT @realDonaldTrump: Welcome to the @WhiteHouse Prime Minister @JustinTrudeau! https://t.co/WKgF8Zo9ri,,True,Mon Feb 13 17:00:19 +0000 2017,13654,831186249411129348
0,Twitter Web Client,RT @realDonaldTrump: Congratulations Secretary Mattis! https://t.co/mkuhbegzqS,,True,Fri Jan 27 22:01:47 +0000 2017,19375,825101522212093953
0,Twitter Web Client,RT @POTUS: Joint Statement on U.S. - Mexico Relations: https://t.co/wPWdC9K0xj,,True,Fri Jan 27 21:03:44 +0000 2017,3064,825086913921028096
23682,Twitter for iPhone,.@POTUS @realDonaldTrump- speaking with Australian Prime Minister Malcolm Turnbull from the Oval Office. https://t.co/6rDjoygXDD,,False,Sat Jan 28 22:45:46 +0000 2017,4592,825474979953246209
0,Twitter for iPhone,RT @VP: It was my privilege to administer the Oath of Office to the new United States Ambassador to the United Nations @nikkihaley. https:/‚Ä¶,,True,Wed Jan 25 17:58:16 +0000 2017,2345,824315464771891200
0,Twitter for iPhone,RT @POTUS: I will be America's greatest defender and most loyal champion. -DJT https://t.co/wukJ6YqvLu,,True,Sat Jan 28 03:45:43 +0000 2017,10483,825188075852668928
2581,Twitter Web Client,"Tune in now for a joint press conference with @POTUS Trump and PM @theresa_may!
https://t.co/apbHjgoyF9 https://t.co/x4SvGECrLi",,False,Fri Jan 27 18:17:39 +0000 2017,650,825045118512144384
0,Twitter for iPhone,RT @POTUS: Great! #Dow20K https://t.co/wXFhXBLgag,,True,Wed Jan 25 14:58:17 +0000 2017,11325,824270172462739456
6672,Twitter Web Client,.@POTUS Trump‚Äôs First Month: Achieving Results for the American People https://t.co/3mYxqWRKE6,,False,Mon Feb 20 21:37:17 +0000 2017,1510,833792665867186177
4627,Twitter Web Client,"Tune in now for @POTUS Trump's first weekly address to the nation on Facebook Live!üá∫üá∏
https://t.co/BvMhVlxnid https://t.co/08bhycL7SH",,False,Sat Jan 28 17:43:17 +0000 2017,1237,825398856145829891
5740,Twitter Web Client,"Watch LIVE as @POTUS &amp; @VP participate in the swearing-in of Secretary of the Treasury, Steven Mnuchin:‚Ä¶ https://t.co/J71mMOgRII",,False,Tue Feb 14 01:42:22 +0000 2017,1076,831317627750477825
0,Twitter Web Client,"RT @POTUS: I am honored to serve you, the great American People, as your 45th President of the United States! https://t.co/BVtt7lSrlA",,True,Sat Jan 21 19:53:03 +0000 2017,45311,822894797912477696
0,Twitter Web Client,RT @realDonaldTrump: I will be interviewed by @DavidMuir tonight at 10 o'clock on @ABC. Will be my first interview from the White House. En‚Ä¶,,True,Wed Jan 25 22:53:29 +0000 2017,12679,824389756503134213
17663,Twitter Web Client,It‚Äôs official. Our 45th president has taken the oath of office &amp; we couldn't be more excited! Congratulations to @POTUS Trump #Inauguration,,False,Fri Jan 20 17:03:30 +0000 2017,6081,822489744915525633
0,Twitter Web Client,RT @VP: Our new UN Ambassador @nikkihaley is getting right to work with President @realDonaldTrump and @SenRubioPress. https://t.co/7Ib1Dju‚Ä¶,,True,Wed Jan 25 18:42:46 +0000 2017,3606,824326664180137992
0,Twitter for iPhone,RT @VP: Tonight I had the privilege to administer the Oath of Office to Mike Pompeo as the new Director of the Central Intelligence Agency.‚Ä¶,,True,Tue Jan 24 04:27:04 +0000 2017,6374,823748933075746816
0,Twitter Web Client,RT @Reince45: Thank you for having us! #CPAC2017 https://t.co/XIkQT24Edc,,True,Thu Feb 23 20:26:51 +0000 2017,632,834862105438322689
5005,Twitter for iPhone,Joint Statement from President Donald J. Trump and Prime Minister Justin Trudeau: https://t.co/MmsGJgUI3c https://t.co/xzP3efrplU,,False,Mon Feb 13 22:20:44 +0000 2017,1119,831266888189693952
0,Twitter for iPhone,RT @SenatorEnzi: Senate leaders applaud action by White House to stop big government ‚Äúfiduciary rule‚Äù. https://t.co/l2zRXeIUJm,,True,Fri Feb 03 23:14:58 +0000 2017,878,827656654284001280
3567,TweetDeck,.@POTUS Donald J. Trump Nominates R. Alexander Acosta to be Secretary of @USDOL: https://t.co/JjxmEXzNGd,,False,Thu Feb 16 21:37:13 +0000 2017,723,832343098042830848
5590,Twitter Web Client,Today we celebrate one week since making history with the swearing-in of @POTUS Trump and @VP Pence! Watch‚û°Ô∏è‚Ä¶ https://t.co/slHPsqRlFT,,False,Fri Jan 27 14:06:04 +0000 2017,1727,824981805635874817
0,Twitter Web Client,RT @POTUS: YOUR WEEKLY ADDRESS: https://t.co/iCUns5IOJ5,,True,Sat Jan 28 20:23:52 +0000 2017,17861,825439270156587009
0,Twitter Web Client,RT @POTUS: Join me live from the @WhiteHouse as I announce my nomination for United States Supreme Court Justice. https://t.co/nWU7O6EyQ6 h‚Ä¶,,True,Wed Feb 01 00:50:21 +0000 2017,3125,826593494567362561
0,Twitter Web Client,"RT @realDonaldTrump: Join me live from the @WhiteHouse.
https://t.co/LHOs4nAaGl",,True,Wed Feb 01 01:01:43 +0000 2017,6714,826596356336803840
8533,Twitter Web Client,"""Judge Gorsuch has a superb intellect, an unparalleled legal edu, and a commitment to interpreting the Constitution‚Ä¶ https://t.co/ErtgG1YeQr",,False,Wed Feb 01 01:24:24 +0000 2017,2010,826602063916326912
0,Twitter for iPhone,RT @VP: Honored to welcome German Vice Chancellor &amp; Min. for Foreign Affairs Gabriel to the White House today to discuss NATO &amp; transatlant‚Ä¶,,True,Thu Feb 02 21:19:43 +0000 2017,1766,827265264228016130
0,Twitter Web Client,"RT @VP: Grateful for @SenateMajLdr's strong support for President @realDonaldTrump's Supreme Court nominee, Judge Gorsuch. https://t.co/qng‚Ä¶",,True,Wed Feb 01 21:21:08 +0000 2017,1593,826903233683660803
4355,Twitter Web Client,"It's been another historic week at the White House. Tune in NOW for @POTUS Trump's second weekly address! 
https://t.co/QTXUMc1eoY",,False,Fri Feb 03 22:09:28 +0000 2017,988,827640171814322180
0,Twitter Web Client,RT @VP: Work benefiting the American people will get done in DC. Great discussion w/ GOP House &amp; Senate members about moving @POTUS agenda‚Ä¶,,True,Thu Jan 26 20:49:34 +0000 2017,1660,824720962071523332
2437,TweetDeck,Join us LIVE as @POTUS Trump leads a listening session with manufacturing CEOs: https://t.co/WpumKfclto,,False,Thu Feb 23 15:57:45 +0000 2017,468,834794382687625216
12141,Twitter Web Client,Join us in congratulating @VP Pence on his #Inauguration as the 48th Vice-President of the United States of America! https://t.co/BC345hiKjM,,False,Fri Jan 20 20:17:58 +0000 2017,2755,822538681764417537
0,Twitter Web Client,RT @VP: Welcomed my good friend Governor @EricGreitens to the White House today. He is doing a great job for the people of Missouri. https:‚Ä¶,,True,Sat Jan 28 18:58:30 +0000 2017,4362,825417786247749632
4963,Twitter for iPhone,"President Trump Approves Oklahoma Disaster Declaration
https://t.co/2I65tyIYl3",,False,Sat Feb 11 21:24:05 +0000 2017,1107,830527853217341440
0,Twitter for iPhone,"RT @POTUS: 'Trump taps first woman to CIA second in command'
https://t.co/15yzhsH6Qq",,True,Fri Feb 03 00:12:35 +0000 2017,7272,827308768748769280
0,Twitter Web Client,"RT @POTUS: Great meeting with @harleydavidson executives from Milwaukee, Wisconsin at the @WhiteHouse. https://t.co/7Spcmh6guM",,True,Thu Feb 02 18:04:08 +0000 2017,9550,827216043223445504
10063,Twitter for iPhone,"President Trump Acts to Restore Public Safety and Protect Law Enforcement. #LESM 
https://t.co/15Mtffof6h",,False,Sat Feb 11 18:54:09 +0000 2017,2702,830490121468334082
3162,TweetDeck,ICYMI: @POTUS Trump spoke at @CPAC earlier today. Watch his remarks here: https://t.co/YNJGyFknLN https://t.co/K7H1kyyy6W,,False,Fri Feb 24 22:13:00 +0000 2017,672,835251208507932672
5955,Twitter Web Client,.@POTUS Trump met w/ automobile industry leaders in the Roosevelt Room this morning ‚Äî delivering on his promise to‚Ä¶ https://t.co/wzuWRaKCLY,,False,Tue Jan 24 16:12:32 +0000 2017,1528,823926468002648065
0,Twitter for iPhone,RT @POTUS: It was an honor to host our amazing teams of law enforcement at the @WhiteHouse this afternoon. @VP Pence and I are grateful for‚Ä¶,,True,Sun Jan 22 22:31:40 +0000 2017,14380,823297103111786497
0,Twitter for iPhone,RT @StateDept: Watch the swearing in of Secretary of State Tillerson at the @WhiteHouse. https://t.co/xRDWIv09Ce,,True,Thu Feb 02 02:48:01 +0000 2017,2880,826985494336663552
0,Twitter for iPhone,"RT @POTUS: Congratulations to our new Secretary of State Rex Tillerson, sworn-in this evening by @VP Mike Pence. https://t.co/YvLoJZUKj8",,True,Thu Feb 02 01:13:50 +0000 2017,10284,826961793197232128
0,Twitter for iPhone,"RT @VP: Proud to stand w/ President Trump signing EOs: withdrawing US from TPP, prohibiting int'l abortion funding &amp; freezing hiring except‚Ä¶",,True,Mon Jan 23 23:21:41 +0000 2017,5238,823672078696153088
0,Twitter for iPhone,"RT @realDonaldTrump: Spoke at the Congressional @GOP Retreat in Philadelphia, PA. this afternoon w/ @VP, @SenateMajLdr, @SpeakerRyan. Thank‚Ä¶",,True,Thu Jan 26 19:28:08 +0000 2017,11496,824700466818936832
5080,Twitter Web Client,"And watch LIVE as @VP Pence participates in the swearing-in of @SBAgov Administrator, @Linda_McMahon:‚Ä¶ https://t.co/YiFxzdxbF9",,False,Tue Feb 14 20:43:03 +0000 2017,995,831604691918319617
8116,Twitter for iPhone,"'@VP Pence Takes Wounded Warriors to #SuperBowl'
https://t.co/63kCEpzPR9",,False,Mon Feb 06 17:46:59 +0000 2017,1702,828661277576876033
0,Twitter Web Client,"RT @PressSec: Another busy day for @POTUS - meeting with @theresa_may at WH , swearing in of SECDEF at Pentagon and signing of executive me‚Ä¶",,True,Fri Jan 27 12:50:44 +0000 2017,1101,824962846157045763
3382,Twitter Web Client,"Tune in now for the LIVE ceremonial swearing-in of our new Secretary of State, Rex Tillerson! https://t.co/1wTnWbBJ9o",,False,Thu Feb 02 00:14:49 +0000 2017,549,826946942857003008
0,Twitter Web Client,"RT @realDonaldTrump: Our country needs strong borders and extreme vetting, NOW. Look what is happening all over Europe and, indeed, the wor‚Ä¶",,True,Sun Jan 29 17:53:56 +0000 2017,51580,825763925677453314
0,Twitter for iPhone,RT @PressSec: When @vp addresses #MarchForLife today it will be the first time a sitting Vice President has spoken in person March,,True,Fri Jan 27 14:39:29 +0000 2017,2379,824990215190241281
3074,Twitter Web Client,Watch LIVE: @POTUS Trump participates in a listening session with the Retail Industry Leaders Association &amp; CEOs: https://t.co/bgbUWchs90,,False,Wed Feb 15 15:13:40 +0000 2017,570,831884186072014849
0,Twitter for iPhone,RT @VP: Honored to meet with Pro-Life leaders in my office tonight. Just told them I look forward to addressing National @March_for_Life on‚Ä¶,,True,Thu Jan 26 23:17:43 +0000 2017,10573,824758244300189696
0,Twitter Web Client,"RT @realDonaldTrump: The American dream is back. We‚Äôre going to create an environment for small business like we haven‚Äôt had in many, many‚Ä¶",,True,Mon Jan 30 22:56:54 +0000 2017,35301,826202559018913797
3473,TweetDeck,Join us LIVE as Justice Samuel Alito participates in the swearing-in of @EPA Administrator Scott Pruitt:‚Ä¶ https://t.co/67fNfEs7gP,,False,Fri Feb 17 22:42:27 +0000 2017,664,832721903563464704
5511,TweetDeck,"Coming up LIVE: @VP Pence participates in the swearing-in of OMB Director, Mick Mulvaney: https://t.co/FRmhXRiQVz https://t.co/rNeeXvVdGM",,False,Thu Feb 16 22:52:31 +0000 2017,1088,832362046587035648
0,Twitter for iPhone,RT @POTUS: Meeting with members of the Senate leadership at the @WhiteHouse now with @VP Pence. https://t.co/SjpbTV1ysS,,True,Tue Jan 24 20:28:01 +0000 2017,5748,823990763994419202
0,Twitter for iPhone,RT @VP: .@POTUS and I enjoyed welcoming @harleydavidson execs &amp; union leaders to the @WhiteHouse to discuss keeping America's manufacturing‚Ä¶,,True,Thu Feb 02 20:44:27 +0000 2017,3421,827256389722517509
6253,Twitter Web Client,"Today @POTUS Trump took action to expedite high priority energy &amp; infrastructure projects:
‚úîÔ∏èKeystone XL pipeline‚Ä¶ https://t.co/8Oahb4NGEP",,False,Tue Jan 24 20:27:18 +0000 2017,1691,823990581370163200
0,Twitter for iPhone,RT @POTUS: Busy week planned with a heavy focus on jobs &amp; national security. Top executives coming in at 9 A.M. to talk manufacturing in Am‚Ä¶,,True,Mon Jan 23 13:30:25 +0000 2017,10853,823523280502063105
0,Twitter Web Client,RT @POTUS: Great job - see you tomorrow at 10amE! #CPAC2017 https://t.co/bO99P9CCg5,,True,Thu Feb 23 20:27:11 +0000 2017,3364,834862188280020993
0,Twitter for iPhone,RT @VP: It's a great honor to visit with Former President @GeorgeHWBush &amp; Barbara Bush. Their service to our nation üá∫üá∏ is an inspiration to‚Ä¶,,True,Mon Feb 06 17:45:08 +0000 2017,6783,828660814966091776
0,Twitter Web Client,RT @SpeakerRyan: Judge Neil Gorsuch is a phenomenal nominee for the #SCOTUS. https://t.co/qQIeFmXE3O https://t.co/QoiGqCZ2dH,,True,Wed Feb 01 01:19:08 +0000 2017,2930,826600739191521280
0,Twitter Web Client,RT @GorsuchFacts: .@POTUS Trump keeps another promise to the American people by nominating Judge Neil Gorsuch to #SCOTUS. #JusticeGorsuch h‚Ä¶,,True,Wed Feb 01 21:21:11 +0000 2017,1051,826903245037694980
0,Twitter Web Client,RT @POTUS: Presidential Memorandum Organization of the National Security Council and the Homeland Security Council: https://t.co/8bMNArkQH1‚Ä¶,,True,Sun Jan 29 17:53:40 +0000 2017,4219,825763859503919105
0,Twitter Web Client,RT @SenateMajLdr: My statement on @POTUS' excellent selection of Neil Gorsuch as our next #SCOTUS Justice https://t.co/z7TNYvd0ie,,True,Wed Feb 01 01:19:30 +0000 2017,3655,826600832992960512
0,Twitter for iPhone,RT @POTUS: Statement Regarding Recent Executive Order Concerning Extreme Vetting: https://t.co/junoy06y2R,,True,Sun Jan 29 23:18:40 +0000 2017,7896,825845649492946944
4700,Twitter Web Client,.@POTUS Trump: Cutting Red Tape for American Businesses https://t.co/TArdN89Ze2,,False,Wed Feb 15 21:28:45 +0000 2017,1003,831978580250877964
0,Twitter Web Client,RT @POTUS: Moment of prayer last night after my nomination of Judge Neil Gorsuch for #SCOTUS. It was an honor having Maureen and Fr. Scalia‚Ä¶,,True,Wed Feb 01 18:07:19 +0000 2017,15314,826854458659393540
0,Twitter Web Client,RT @POTUS: #JusticeGorsuch #SCOTUS https://t.co/Y96Hi2bbIj,,True,Wed Feb 01 01:12:28 +0000 2017,4994,826599060949839872
7434,Twitter Web Client,"""America is a nation of believers."" - @POTUS Trump speaking at #nationalprayerbreakfast",,False,Thu Feb 02 14:27:32 +0000 2017,1544,827161536183480326
13504,Twitter Web Client,A behind-the-scenes look as @POTUS Trump walks out to be sworn in as America's 45th President. #Inauguration https://t.co/mtoKzZDoW3,,False,Sat Jan 21 20:09:30 +0000 2017,2926,822898940802699271
10905,Twitter Web Client,Happy #PresidentsDay! Learn more about all 45 of our Presidents here: https://t.co/wDA3f2vyej https://t.co/mYDND35V3G,,False,Mon Feb 20 16:08:37 +0000 2017,3119,833709956096487424
0,Twitter Web Client,"RT @GorsuchFacts: Judge Gorsuch defends the Constitution &amp; protects individual rights, incl religious liberty, against gov't attack. #Justi‚Ä¶",,True,Wed Feb 01 01:25:12 +0000 2017,4698,826602268116078593
0,Twitter for iPhone,RT @POTUS: Signed some additional executive orders in the Oval Office moments ago- https://t.co/fgIaVW5aJD,,True,Sat Jan 28 21:54:11 +0000 2017,8182,825461998519468032
6816,Twitter Web Client,Coming up LIVE: @POTUS Trump participates in a joint press conference with @IsraeliPM Netanyahu:‚Ä¶ https://t.co/musxcl7Eg0,,False,Wed Feb 15 16:21:51 +0000 2017,1576,831901345636577280
3910,TweetDeck,Join us LIVE as @POTUS Trump signs H.J.Res. 38: https://t.co/T2M5qxSWBs,,False,Thu Feb 16 20:44:03 +0000 2017,695,832329716837281792
0,Twitter for iPhone,"RT @POTUS: Join us live at the @WhiteHouse for the swearing in of our new Attorney General, @SenatorSessions!  
LIVE: https://t.co/cikeZjU1‚Ä¶",,True,Thu Feb 09 15:49:46 +0000 2017,3531,829718945397612547
0,Twitter Web Client,RT @GorsuchFacts: BREAKING: @POTUS Trump has nominated Judge Neil Gorsuch for #SCOTUS! #JusticeGorsuch https://t.co/Ugj1Kv3Xp2,,True,Wed Feb 01 01:06:04 +0000 2017,4522,826597453411581953
0,Twitter Web Client,"RT @POTUS: #InaugurationDay Speechüá∫üá∏
https://t.co/2h8yWMYQz9 https://t.co/Q9u8n9vez2",,True,Fri Jan 20 19:15:18 +0000 2017,20574,822522909939810304
0,Twitter for iPhone,RT @realDonaldTrump: Great meeting with Ford CEO Mark Fields and General Motors CEO Mary Barra at the @WhiteHouse today. https://t.co/T0eIg‚Ä¶,,True,Wed Jan 25 00:47:18 +0000 2017,19036,824056015230472197
15599,Twitter Web Client,An incredible moment in American history ‚Äî @POTUS Trump taking the oath of office. https://t.co/o1N1QMGB1s,,False,Fri Jan 20 20:06:58 +0000 2017,4550,822535914937257989
0,Twitter Web Client,RT @POTUS: Presidential Memorandum Plan to Defeat the Islamic State of Iraq and Syria: https://t.co/MWvPlRQ8ZI https://t.co/1IkgK8wEWF,,True,Sun Jan 29 17:53:33 +0000 2017,6655,825763830395449345
0,Twitter Web Client,"RT @GorsuchFacts: Yesterday, #SCOTUS nominee Judge Gorsuch met with Senators all over the Capitol‚Ä¶he also met with this puppy. #JusticeGors‚Ä¶",,True,Fri Feb 03 17:33:22 +0000 2017,4522,827570689846702080
0,Twitter Web Client,RT @GorsuchFacts: 11 current Dem Senators &amp; 20 current GOP Senators were in office when Judge Gorsuch was confirmed w/out oppo in '06. #Jus‚Ä¶,,True,Wed Feb 01 01:45:49 +0000 2017,6326,826607453856989184
10785,Twitter Web Client,.@POTUS Trump cuts through more red tape: https://t.co/KfAyQ757aq,,False,Fri Feb 24 19:30:46 +0000 2017,2205,835210377768075264
3671,Twitter Web Client,.@POTUS &amp; @FLOTUS invite Americans to wear red today to raise awareness about ‚ù§ disease &amp; improve our nation's heal‚Ä¶ https://t.co/HF6eu5Mcfv,WhiteHouse,False,Fri Feb 03 16:00:07 +0000 2017,1085,827547222455775232
0,Twitter for iPhone,RT @realDonaldTrump: I will be making my Supreme Court pick on Thursday of next week.Thank you!,,True,Wed Jan 25 12:45:44 +0000 2017,22184,824236812679966720
0,Twitter for iPhone,RT @realDonaldTrump: I have made my decision on who I will nominate for The United States Supreme Court. It will be announced live on Tuesd‚Ä¶,,True,Mon Jan 30 14:06:28 +0000 2017,25498,826069070114066432
3089,Twitter Web Client,".@GM CEO Mary Barra: ""There's a huge opportunity"" to improve the environment, safety, jobs creation, &amp; ""competitiveness of manufacturing.""",WhiteHouse,False,Tue Jan 24 19:35:45 +0000 2017,885,823977611445633024
0,Twitter for iPhone,"RT @realDonaldTrump: Big day planned on NATIONAL SECURITY tomorrow. Among many other things, we will build the wall!",,True,Wed Jan 25 03:45:42 +0000 2017,55472,824100908829184000
17533,TweetDeck,Join us at 11am EST for @POTUS Trump's Weekly Address: https://t.co/yNfQwKdlE2 https://t.co/0RRosyS5EB,,False,Fri Feb 17 15:14:15 +0000 2017,3443,832609107815325698
128131,Twitter Web Client,"""Do not allow anyone to tell you that it cannot be done. No challenge can match the HEART and FIGHT and SPIRIT of A‚Ä¶ https://t.co/bXYAH4cjVB",,False,Sat Jan 21 21:40:10 +0000 2017,28399,822921756734324738
0,Twitter Web Client,RT @PressSec: The United Kingdom's Prime Minister @theresa_may becomes the first head of government to sign the White House book under @POT‚Ä¶,,True,Fri Jan 27 18:15:12 +0000 2017,3311,825044503509790723
7348,Twitter Web Client,We're having an incredible 1st week at the White House ‚Äî 10 Executive Orders &amp; Memorandums from @POTUS Trump so far‚Ä¶ https://t.co/1SB1Qfa9iH,,False,Wed Jan 25 15:46:32 +0000 2017,2200,824282315002150913
0,Twitter for iPhone,"RT @realDonaldTrump: Hope you like my nomination of Judge Neil Gorsuch for the United States Supreme Court. He is a good and brilliant man,‚Ä¶",,True,Wed Feb 01 04:24:58 +0000 2017,34947,826647506490634241
7159,Twitter Web Client,"""This is YOUR day. This is YOUR celebration. And this, the United States of America, is YOUR country."" - @POTUS",,False,Fri Jan 20 18:15:45 +0000 2017,2108,822507925432397825
14167,Twitter Web Client,"We honor this month as American Heart Month to remember those who have lost their lives to heart disease.‚ù§
https://t.co/5gN5wG8JKU",,False,Fri Feb 03 15:55:00 +0000 2017,3066,827545936062795781
0,Twitter Web Client,RT @VP: LISTEN LIVE now as I join hardworking Americans in Missouri to discuss America's economic comeback: https://t.co/VgPq0m37zR,,True,Wed Feb 22 20:06:32 +0000 2017,816,834494603680215040
0,Twitter for iPhone,RT @realDonaldTrump: Signing orders to move forward with the construction of the Keystone XL and Dakota Access pipelines in the Oval Office‚Ä¶,,True,Tue Jan 24 18:08:10 +0000 2017,26226,823955568566145024
0,Twitter Web Client,"RT @VP: Tonight, @POTUS nominated a Supreme Court Justice who will uphold the God-given liberties enshrined in our constitution ‚Äî Judge Gor‚Ä¶",,True,Wed Feb 01 01:14:04 +0000 2017,2455,826599464530014209
6314,Twitter for iPhone,"POTUS Trump Names Lt. General Joseph Keith Kellogg, Jr. as Acting National Security Advisor-Accepts Resignation of‚Ä¶ https://t.co/5bGoYzIBEb",,False,Tue Feb 14 05:24:42 +0000 2017,2760,831373581561032704
0,Twitter for iPhone,RT @realDonaldTrump: The Democrats are delaying my cabinet picks for purely political reasons. They have nothing going but to obstruct. Now‚Ä¶,,True,Tue Jan 31 01:48:46 +0000 2017,28402,826245810589409281
0,Twitter Web Client,RT @POTUS: An honor to have U.K. Prime Minister @theresa_may join me at the @WhiteHouse. #ICYMI- our joint press conference: https://t.co/4‚Ä¶,,True,Fri Jan 27 19:05:38 +0000 2017,4492,825057194911608833
46884,Twitter for iPhone,"Happy Birthday, Mr. President! https://t.co/snf4pYhBiB",,False,Mon Feb 06 20:07:32 +0000 2017,11627,828696650797428740
0,Twitter for iPhone,RT @VP: This is Nat'l School Choice Week. @POTUS &amp; I are committed to making a great education possible for all our children https://t.co/T‚Ä¶,,True,Thu Jan 26 23:17:41 +0000 2017,1821,824758237811638272
0,Twitter Web Client,"RT @POTUS: Join me live from the @WhiteHouse at 8:00pm tonight. #SCOTUS 
https://t.co/7OJvZaW0Y7 https://t.co/nJyeYyACQ1",,True,Tue Jan 31 22:33:31 +0000 2017,5124,826559062775042049
0,Twitter for iPhone,"RT @realDonaldTrump: Beginning today, the United States of America gets back control of its borders. Full speech from today @DHSgov: https:‚Ä¶",,True,Thu Jan 26 00:17:53 +0000 2017,23560,824410997641338880
0,Twitter for iPhone,"RT @POTUS: President Donald J. Trump Nominates Judge Neil Gorsuch to the United States Supreme Court
#JusticeGorsuch #SCOTUS 
https://t.co/‚Ä¶",,True,Wed Feb 01 04:25:01 +0000 2017,5189,826647518322819072
0,Twitter for iPhone,RT @VP: Humbled to board Air Force Two for 1st time with @SecondLady. We will see you shortly in Philadelphia to talk about @POTUS agenda f‚Ä¶,,True,Thu Jan 26 15:33:05 +0000 2017,2517,824641314520240129
0,Twitter for iPhone,RT @VP: Beautiful morning for @SecondLady Karen Pence and my 1st flight aboard Marine Two. Next stop Air Force Two. Will be in Philadelphia‚Ä¶,,True,Thu Jan 26 15:32:59 +0000 2017,2237,824641291086692355
0,Twitter Web Client,RT @VP: WATCH LIVE to see my message about @POTUS Trump's agenda to the men &amp; women of the conservative movement at @CPAC. https://t.co/Fui‚Ä¶,,True,Fri Feb 24 00:57:48 +0000 2017,906,834930290426540032
0,Twitter for iPhone,RT @POTUS: ‚ö°Ô∏èTHANK YOU to my amazing family for their support since I announced my candidacy on 6/16/2015. -DJT https://t.co/Db6titMVtq,,True,Tue Jan 24 01:12:18 +0000 2017,9936,823699916203520000
0,Twitter Web Client,RT @POTUS: Remarks by President Trump at Signing of Executive Order on Fiduciary Rule: https://t.co/kMRFhlXlHe https://t.co/CKiU61iBqh,,True,Fri Feb 03 22:05:32 +0000 2017,4041,827639181669232640
7570,Twitter Web Client,"""We are all united by our faith... Freedom is not a gift from government... Freedom is a gift from God.‚Äù - @POTUS #nationalprayerbreakfast",WhiteHouse,False,Thu Feb 02 14:34:02 +0000 2017,2245,827163172050079746
24480,Twitter Web Client,"""This has been the most transparent Supreme Court selection process in the history of our country."" - @POTUS‚Ä¶ https://t.co/kOadoSyXDs",,False,Wed Feb 01 01:55:58 +0000 2017,5562,826610007399682049
8176,Twitter Web Client,"""From this day forward, a new vision will govern our land. From this moment on, it‚Äôs going to be America First."" - @POTUS",,False,Fri Jan 20 18:53:27 +0000 2017,2548,822517413732192256
5687,Twitter Web Client,Join @POTUS Trump tonight at 8pm EST as he announces his #SCOTUS pick! We'll be streaming the historic event LIVE:‚Ä¶ https://t.co/vyRaMYFHSs,,False,Tue Jan 31 19:53:23 +0000 2017,2001,826518763256287232
3606,Twitter for iPhone,LIVE Joint Statement by President Trump and Prime Minister Shinzo Abe: https://t.co/5tWYi9RHsw,,False,Sun Feb 12 03:34:04 +0000 2017,756,830620962248937472
5700,Twitter Web Client,".@Ford CEO Mark Fields on @POTUS decision to withdraw from TPP: ""We appreciate the President's courage to walk away from a bad trade deal.""",,False,Tue Jan 24 19:34:28 +0000 2017,1824,823977284768038912
0,Twitter Web Client,RT @POTUS: Executive Order: ETHICS COMMITMENTS BY EXECUTIVE BRANCH APPOINTEES: https://t.co/0T7rvbEdAJ https://t.co/Z9fZd4jlCg,,True,Sun Jan 29 17:53:30 +0000 2017,4603,825763815807713281
0,Twitter Web Client,RT @VP: It was my honor to speak at the @March_for_Life today w/ my family &amp; share the commitment of @POTUS to restore culture of life in A‚Ä¶,,True,Fri Jan 27 19:05:30 +0000 2017,8167,825057160421859328
0,Twitter for iPhone,RT @realDonaldTrump: An honor having the National Sheriffs' Assoc. join me at the @WhiteHouse. Incredible men &amp; women who protect &amp; serve 2‚Ä¶,,True,Tue Feb 07 16:27:12 +0000 2017,18623,829003590782111744
4740,TweetDeck,Watch LIVE as @POTUS Trump holds a press conference in the East Room of the White House: https://t.co/1i1w8w6Eky https://t.co/hL2CxGN1UX,,False,Thu Feb 16 17:56:45 +0000 2017,820,832287616850657280
0,Twitter for iPhone,"RT @realDonaldTrump: As your President, I have no higher duty than to protect the lives of the American people. https://t.co/o7YNUNwb8f",,True,Thu Jan 26 02:22:59 +0000 2017,29651,824442482633113601
0,Twitter for iPhone,RT @POTUS: Today I met with pharmaceutical executives at the @WhiteHouse...https://t.co/T1L7e8pHG1 https://t.co/MDr9b7rBhN,,True,Tue Jan 31 19:12:19 +0000 2017,4982,826508426817708032
0,Twitter Web Client,RT @VP: The Dow closes above 20K for 1st time in history. US economy is being unleashed under President @realDonaldTrump. üá∫üá∏ https://t.co/z‚Ä¶,,True,Wed Jan 25 22:53:38 +0000 2017,4782,824389797506613249
0,Twitter Web Client,RT @VP: Grateful to welcome King Abdullah II of Jordan this morning as first foreign leader to visit VP Residence. https://t.co/LXjWcD8jRi,,True,Mon Jan 30 22:56:51 +0000 2017,7876,826202544867250176
0,Twitter for iPhone,RT @VP: We mourn the loss of a hero in battle against radical Islamic terror. Our prayers go to loved ones of fallen service member &amp; the w‚Ä¶,,True,Sun Jan 29 19:22:34 +0000 2017,8458,825786232554811393
0,Twitter for iPhone,RT @VP: Good discussion with President @realDonaldTrump and automotive leaders about creating new auto jobs in the U.S. üá∫üá∏ https://t.co/p9C‚Ä¶,,True,Tue Jan 24 15:51:45 +0000 2017,3143,823921238892511232
0,Twitter Web Client,Join us at 11am EST for @POTUS Trump's Weekly Address: https://t.co/C0TY0EP6OH https://t.co/8W9mSEswNp,,False,Sat Feb 25 15:38:34 +0000 2017,0,835514330510655489
0,Twitter Web Client,RT @Scavino45: .@POTUS @realDonaldTrump speaking to Governors &amp; Cabinet at the @WhiteHouse now. https://t.co/GU5x14rE1B,,True,Mon Feb 27 15:13:55 +0000 2017,167,836232903755366403
296,Twitter Web Client,Everything you need to know about @POTUS Trump's #JointAddress to Congress tomorrow night: https://t.co/f8vajiulJ5 https://t.co/kc6w1AvF8E,,False,Mon Feb 27 21:09:26 +0000 2017,133,836322373364236295
0,Twitter Web Client,RT @POTUS: Thank you to the great presidents of our #HBCUs for their commitment to higher education. Read more here: https://t.co/m2Adyvvu6‚Ä¶,,True,Tue Feb 28 13:48:42 +0000 2017,3812,836573848124411904
120,TweetDeck,"Watch LIVE as @VP Pence participates in the swearing-in of the Secretary of @CommerceGov, Wilbur Ross:‚Ä¶ https://t.co/WklFod8vSB",,False,Tue Feb 28 14:47:14 +0000 2017,41,836588575969923074
199,Twitter Web Client,Don't forget to tune in tonight for @POTUS Trump's #JointAddress! https://t.co/xKui901gkk,,False,Tue Feb 28 17:32:30 +0000 2017,79,836630168085102592
105,Twitter Web Client,.@POTUS Trump's #JointAddress begins at 9pm EST. One way to tune in: https://t.co/o7NLL4QBTr,,False,Tue Feb 28 22:02:46 +0000 2017,62,836698180985184257
154,Twitter Web Client,Tune in LIVE tonight at 9pm EST for @POTUS Trump's #JointAddress: https://t.co/TFWe9JNfFZ https://t.co/4uOlQ2xrJ4,,False,Tue Feb 28 22:47:20 +0000 2017,69,836709399297150976
288,Twitter Web Client,Tune in now! https://t.co/TFWe9JNfFZ #JointAddress https://t.co/m27jHmQnNo,,False,Wed Mar 01 01:59:33 +0000 2017,120,836757773199282177
0,TweetDeck,RT @POTUS: A surge of optimism is placing impossible dreams firmly within our grasp. What we are witnessing today is the Renewal of the #Am‚Ä¶,,True,Wed Mar 01 02:12:23 +0000 2017,611,836760999290093569
1221,TweetDeck,This is the #AmericanSpirit. #JointAddress https://t.co/OgllGrPTe9,,False,Wed Mar 01 02:12:06 +0000 2017,353,836760929215918081
0,TweetDeck,RT @POTUS: We are a country that stands united in condemning hate and evil in all of its very ugly forms. #JointAddress,,True,Wed Mar 01 02:11:10 +0000 2017,1068,836760695052062721
279,Media Studio,"""We have begun to #DrainTheSwamp of government corruption..."" #JointAddress https://t.co/8TP9EOebkC",,False,Wed Mar 01 02:17:59 +0000 2017,111,836762409515638784
323,TweetDeck,#JointAddress https://t.co/INyKLcAhSe,,False,Wed Mar 01 02:17:04 +0000 2017,141,836762177574883331
0,TweetDeck,RT @POTUS: My Administration has answered the pleas of the American people for immigration enforcement and border security. #JointAddress,,True,Wed Mar 01 02:23:42 +0000 2017,298,836763848858284032
0,TweetDeck,RT @POTUS: I have issued a new directive that American pipelines must be made with American steel. #JointAddress #AmericanSpirit,,True,Wed Mar 01 02:21:35 +0000 2017,739,836763315384766466
1669,TweetDeck,Fighting for American Workers #JointAddress #AmericanSpirit https://t.co/jwh7SgW7Og,,False,Wed Mar 01 02:19:50 +0000 2017,534,836762873594511361
405,Twitter Web Client,#JointAddress https://t.co/HrWtTQ461F,,False,Wed Mar 01 02:27:05 +0000 2017,162,836764701371600897
462,TweetDeck,#JointAddress #AmericanSpirit https://t.co/PEH6aRy0ao,,False,Wed Mar 01 02:32:42 +0000 2017,143,836766112503185408
710,Twitter Web Client,"""Antonin Scalia will forever be a symbol of American Justice."" #JointAddress #AmericanSpirit https://t.co/DTivcDjm9n",,False,Wed Mar 01 02:30:25 +0000 2017,218,836765540232359936
952,TweetDeck,"""I am not going to let America be taken advantage of anymore."" #JointAddress https://t.co/rHTD2onC4C",,False,Wed Mar 01 02:36:19 +0000 2017,317,836767023644438528
0,TweetDeck,RT @POTUS: We must ensure that Americans with pre-existing conditions have access to coverage. #JointAddress,,True,Wed Mar 01 02:42:46 +0000 2017,499,836768647838322690
0,TweetDeck,"RT @POTUS: Obamacare is collapsing ‚Äì and we must act decisively to protect all Americans. Action is not a choice, it is a necessity. #Joint‚Ä¶",,True,Wed Mar 01 02:42:06 +0000 2017,712,836768477755113474
785,TweetDeck,"""REPEAL and REPLACE Obamacare"" #JointAddress https://t.co/1xWAebxino",,False,Wed Mar 01 02:40:56 +0000 2017,262,836768187358330882
970,TweetDeck,"""Buy American, and hire American!"" #JointAddress https://t.co/ZeB36qavee",,False,Wed Mar 01 02:39:33 +0000 2017,328,836767839289761792
0,TweetDeck,RT @PressSec: Today is #RareDiseaseDay and @POTUS welcomes survivor Megan Crowley #JointAddress,,True,Wed Mar 01 02:48:12 +0000 2017,189,836770014518784001
392,TweetDeck,"""...to make childcare accessible and more affordable."" #JointAddress #AmericanSpirit https://t.co/sZS81P7ar3",,False,Wed Mar 01 02:47:12 +0000 2017,120,836769762218819584
1309,TweetDeck,"""Our citizens deserve this, and so much more - so why not join forces to finally get it done?"" #JointAddress https://t.co/rGWd4yyvFJ",,False,Wed Mar 01 02:45:55 +0000 2017,506,836769439970390017
97,TweetDeck,#JointAddress #AmericanSpirit https://t.co/GzRoTuIOGs,,False,Wed Mar 01 02:53:17 +0000 2017,49,836771292451864576
324,TweetDeck,"""EVERY American child..."" #JointAddress #AmericanSpirit https://t.co/VbGM87EuRI",,False,Wed Mar 01 02:52:35 +0000 2017,108,836771117457108993
0,TweetDeck,RT @POTUS: Education is the civil rights issue of our time. I am calling for an education bill that funds school choice for disadvantaged y‚Ä¶,,True,Wed Mar 01 02:50:10 +0000 2017,955,836770510344171520
182,TweetDeck,"""I am sending the Congress a budget that rebuilds the military..."" #JointAddress #AmericanSpirit https://t.co/eZHuzpnhxA",,False,Wed Mar 01 02:58:07 +0000 2017,61,836772510066741248
0,TweetDeck,RT @POTUS: We must provide the men and women of the U.S. Military with the tools they need to prevent war and ‚Äì if they must ‚Äì TO FIGHT AND‚Ä¶,,True,Wed Mar 01 02:56:36 +0000 2017,949,836772130280845312
0,TweetDeck,RT @PressSec: .@POTUS honors to service and sacrifice of Navy SEAL Chief Ryan Owens #JointAddress,,True,Wed Mar 01 03:03:07 +0000 2017,559,836773767468761090
531,TweetDeck,"""And NONE are greater or braver than those who fight for America in uniform."" #JointAddress #AmericanSpirit https://t.co/beX3JackEM",,False,Wed Mar 01 03:02:57 +0000 2017,205,836773728189046786
0,TweetDeck,RT @POTUS: Ryan‚Äôs legacy is etched into eternity. #AmericanSpirit,,True,Wed Mar 01 03:00:14 +0000 2017,1738,836773041514373126
972,TweetDeck,"""... we MUST deliver for them."" #JointAddress #AmericanSpirit https://t.co/5xSMGALBGA",,False,Wed Mar 01 02:59:10 +0000 2017,312,836772773624229888
0,TweetDeck,"RT @POTUS: We are one people, with one destiny.

We all bleed the same blood.

We all salute the same flag.

And we are all made by the sam‚Ä¶",,True,Wed Mar 01 03:08:59 +0000 2017,1505,836775244903895042
90,TweetDeck,"""... and jobs where Americans prosper and grow - are not too much to ask."" #JointAddress #AmericanSpirit https://t.co/flnaY3DbPr",,False,Wed Mar 01 03:08:52 +0000 2017,42,836775216957227012
0,TweetDeck,RT @POTUS: Think of the marvels we can achieve if we simply set free the dreams of our people. #AmericanSpirit #JointAddress,,True,Wed Mar 01 03:06:58 +0000 2017,752,836774738034896897
0,TweetDeck,"RT @POTUS: We want harmony and stability, not war and conflict. We want peace, wherever peace can be found. #JointAddress #AmericanSpirit",,True,Wed Mar 01 03:05:30 +0000 2017,1000,836774366327226368
219,TweetDeck,"""And believe, once more, in AMERICA."" #JointAddress #AmericanSpirit https://t.co/Mm1HBAtKMl",,False,Wed Mar 01 03:13:21 +0000 2017,78,836776343014682624
782,TweetDeck,#JointAddress #AmericanSpirit https://t.co/7Gm3IhNEqm,,False,Wed Mar 01 03:11:08 +0000 2017,306,836775787638452224
0,TweetDeck,RT @POTUS: I am asking all citizens to embrace this Renewal of the #AmericanSpirit. #JointAddress,,True,Wed Mar 01 03:09:26 +0000 2017,1379,836775359785881600
0,Twitter Web Client,RT @SenJohnThune: Tonight @POTUS highlighted his continued focus on tackling the issues that matter most to Americans. #JointSession https:‚Ä¶,,True,Wed Mar 01 03:28:33 +0000 2017,21,836780167418769410
0,TweetDeck,RT @SenOrrinHatch: VIDEO: Hatch reacts to @POTUS's #JointSession address. #tcot #utpol https://t.co/LV4GsTMHYe,,True,Wed Mar 01 03:27:59 +0000 2017,33,836780027136061440
347,TweetDeck,.@RepBost on tonight's #JointAddress https://t.co/aQSPOjLzpL,,False,Wed Mar 01 03:36:12 +0000 2017,76,836782092935639040
518,TweetDeck,.@sendavidperdue on tonight's #JointAddress https://t.co/4Ls0IHhBK5,,False,Wed Mar 01 03:34:54 +0000 2017,127,836781765872267264
0,TweetDeck,"RT @SenThadCochran: .@POTUS brings new energy to American leadership, offers challenging agenda to make USA stronger. #JointAddress https:/‚Ä¶",,True,Wed Mar 01 03:34:20 +0000 2017,74,836781622594785280
119,TweetDeck,.@JudgeCarter on tonight's #JointAddress https://t.co/YxubXsVkZv,,False,Wed Mar 01 03:43:08 +0000 2017,44,836783837652873216
371,TweetDeck,.@RepAndyBiggsAZ on tonight's #JointAddress https://t.co/hhuCuWWQGb,,False,Wed Mar 01 03:40:13 +0000 2017,97,836783102722719746
187,TweetDeck,.@RepAlexMooney on tonight's #JointAddress https://t.co/MMfzsCuLgx,,False,Wed Mar 01 03:47:23 +0000 2017,68,836784906776817664
385,TweetDeck,.@RepGosar on tonight's #JointAddress https://t.co/u307UPAxZy,,False,Wed Mar 01 03:45:02 +0000 2017,110,836784317279924224
200,TweetDeck,.@JimPressOffice on tonight's #JointAddress https://t.co/Q11nYRd2pE,,False,Wed Mar 01 03:52:36 +0000 2017,51,836786221464584194
970,TweetDeck,.@SpeakerRyan on tonight's #JointAddress https://t.co/arTrMgaYR0,,False,Wed Mar 01 03:49:51 +0000 2017,249,836785528280350721
648,TweetDeck,.@DrPhilRoe on tonight's #JointAddress https://t.co/EoUkM64WzV,,False,Wed Mar 01 03:49:07 +0000 2017,158,836785342770528256
0,TweetDeck,.@SenatorIsakson on tonight's #JointAddress https://t.co/LsB5nltXJn,,False,Wed Mar 01 03:58:46 +0000 2017,0,836787773164126209
438,TweetDeck,.@RepByrne on tonight's #JointAddress https://t.co/NwMKE9damW,,False,Wed Mar 01 03:55:57 +0000 2017,114,836787066042265602
650,TweetDeck,.@RepDianeBlack on tonight's #JointAddress https://t.co/SzIw4GlIu3,,False,Wed Mar 01 03:54:21 +0000 2017,151,836786662810210305
367,TweetDeck,.@RepMcKinley on tonight's #JointAddress https://t.co/xAdT6JNgI0,,False,Wed Mar 01 04:00:29 +0000 2017,80,836788206762881024
492,TweetDeck,.@RepFredUpton on tonight's #JointAddress https://t.co/FYpjHqAgZI,,False,Wed Mar 01 04:04:25 +0000 2017,109,836789193200267269
122,TweetDeck,.@SenCapito on tonight's #JointAddress https://t.co/FcYnNheGVG,,False,Wed Mar 01 04:12:49 +0000 2017,48,836791307884462080
0,TweetDeck,RT @Reince45: .@POTUS delivered an exceptionally inspiring speech in tonight's #JointAddress. It's an honor to witness such a historic mome‚Ä¶,,True,Wed Mar 01 04:12:00 +0000 2017,109,836791104121024512
487,TweetDeck,.@virginiafoxx on tonight's #JointAddress https://t.co/aNxbWuj3VM,,False,Wed Mar 01 04:08:58 +0000 2017,114,836790338912137216
190,TweetDeck,.@RepGoodlatte on tonight's #JointAddress https://t.co/E7Tsot2mpa,,False,Wed Mar 01 04:27:07 +0000 2017,52,836794907855552518
256,TweetDeck,.@PatrickMcHenry on tonight's #JointAddress https://t.co/d89Dx682Mn,,False,Wed Mar 01 04:26:15 +0000 2017,76,836794688065667072
169,TweetDeck,.@DrNealDunnFL2 on tonight's #JointAddress https://t.co/1pzjYNQI3f,,False,Wed Mar 01 04:32:08 +0000 2017,50,836796167983857664
292,TweetDeck,.@RepBillShuster on tonight's #JointAddress https://t.co/r8nGKSPTwL,,False,Wed Mar 01 04:29:42 +0000 2017,92,836795557620428800
0,TweetDeck,RT @SenPatRoberts: I gave my thoughts on @POTUS' #JointAddress tonight. Watch here: https://t.co/zPgBZRGWdJ,,True,Wed Mar 01 04:38:15 +0000 2017,14,836797707956125700
0,Twitter Web Client,"RT @cathymcmorris: Tonight, I'm reminded that @POTUS is a man of action. Read my full statement here: https://t.co/varBNZPr5Y #Jointsession",,True,Wed Mar 01 04:40:30 +0000 2017,60,836798277601361922
0,TweetDeck,RT @MikeCrapo: My response to @POTUS #JointAddress to Congress tonight. https://t.co/SKHo6u51KS,,True,Wed Mar 01 04:38:42 +0000 2017,65,836797823865729024
0,TweetDeck,RT @senrobportman: My reaction to #POTUS's #JointAddress: https://t.co/6nOhVvsm7l,,True,Wed Mar 01 04:48:42 +0000 2017,19,836800338925600768
0,TweetDeck,RT @RepGusBilirakis: The President's #JointAddress was uplifting &amp; unifying. He reached out to both parties to work together for the good o‚Ä¶,,True,Wed Mar 01 04:47:03 +0000 2017,33,836799923043586048
187,TweetDeck,.@RepSteveChabot on tonight's #JointAddress https://t.co/X2kwtTF1Ah,,False,Wed Mar 01 04:46:05 +0000 2017,58,836799682324094976
314,TweetDeck,.@RepKenMarchant on tonight's #JointAddress https://t.co/uQwYD3ASKC,,False,Wed Mar 01 04:44:15 +0000 2017,91,836799220225048576
0,TweetDeck,.@RepJoeWilson on tonight's #JointAddress https://t.co/6yDyHJx1tn,,False,Wed Mar 01 04:53:59 +0000 2017,1,836801670394830852
161,TweetDeck,.@RogerMarshallMD on tonight's #JointAddress https://t.co/BwdXnCP37k,,False,Wed Mar 01 04:52:31 +0000 2017,54,836801298049732609
326,TweetDeck,.@RoyBlunt on tonight's #JointAddress https://t.co/bH9ELR0zeF,,False,Wed Mar 01 04:49:50 +0000 2017,91,836800626126389253
76,TweetDeck,.@RepDonBacon on tonight's #JointAddress https://t.co/GixdaWz1Rb,,False,Wed Mar 01 04:58:04 +0000 2017,29,836802696699064321
143,TweetDeck,.@JerryMoran on tonight's #JointAddress https://t.co/Yc8uqCD8fz,,False,Wed Mar 01 04:56:54 +0000 2017,48,836802404284780545
143,TweetDeck,.@RepRichHudson on tonight's #JointAddress https://t.co/LglqbZxXd6,,False,Wed Mar 01 05:02:03 +0000 2017,55,836803697950732288
92,TweetDeck,.@SenatorWicker on tonight's #JointAddress https://t.co/r3cyRfSf2B,,False,Wed Mar 01 05:07:21 +0000 2017,38,836805030552432640
0,TweetDeck,RT @lisamurkowski: Tonight‚Äôs #JointAddress was a much-needed opportunity for @POTUS to outline his plans &amp; vision for the future: https://t‚Ä¶,,True,Wed Mar 01 05:06:04 +0000 2017,34,836804709772115971
110,TweetDeck,.@RepLarryBucshon on tonight's #JointAddress https://t.co/cseLMlLrBQ,,False,Wed Mar 01 05:17:12 +0000 2017,32,836807512003325954
205,TweetDeck,.@repbuddycarter on tonight's #JointAddress https://t.co/BDLFVNK0N9,,False,Wed Mar 01 05:14:42 +0000 2017,68,836806882186702848
259,TweetDeck,.@RepDavidKustoff on tonight's #JointAddress https://t.co/kfDIYhcD5w,,False,Wed Mar 01 05:19:38 +0000 2017,69,836808125059588096
201,TweetDeck,.@RepJeffDuncan on last night's #JointAddress https://t.co/BMJCYGO9ta,,False,Wed Mar 01 14:21:24 +0000 2017,58,836944463842918400
207,TweetDeck,.@KenCalvert on last night's #JointAddress https://t.co/LCujVwqxnJ,,False,Wed Mar 01 14:20:17 +0000 2017,64,836944181985705985
268,TweetDeck,.@SteveDaines on last night's #JointAddress https://t.co/Kr5eehZPSb,,False,Wed Mar 01 14:19:06 +0000 2017,92,836943885280677891
29,TweetDeck,.@SenMajLeader on last night's #JointAddress https://t.co/q5XVyO09x4,,False,Wed Mar 01 14:33:21 +0000 2017,11,836947471288909826
121,TweetDeck,.@RepKenBuck on last night's #JointAddress https://t.co/2km9jpt0fg,,False,Wed Mar 01 15:02:26 +0000 2017,31,836954790160699394
194,TweetDeck,.@RepHultgren on last night's #JointAddress https://t.co/4gBHwhVkEg,,False,Wed Mar 01 15:04:40 +0000 2017,61,836955353774436352
177,TweetDeck,.@BillCassidy on last night's #JointAddress https://t.co/s59ujZelNg,,False,Wed Mar 01 16:00:22 +0000 2017,45,836969368592474112
239,TweetDeck,.@RepSeanDuffy on last night's #JointAddress https://t.co/tVq6e3kZWc,,False,Wed Mar 01 16:11:02 +0000 2017,65,836972052376653826
174,TweetDeck,.@RepTomEmmer on last night's #JointAddress https://t.co/7esnnStwEf,,False,Wed Mar 01 17:11:08 +0000 2017,51,836987176546074624
30,TweetDeck,.@CongressmanHice on last night's #JointAddress https://t.co/VBsU7MRHff,,False,Wed Mar 01 17:18:18 +0000 2017,12,836988981392867328
200,TweetDeck,.@DrPhilRoe on last night's #JointAddress https://t.co/YcGw3EeDvD,,False,Wed Mar 01 17:16:13 +0000 2017,48,836988459877351425
32,TweetDeck,.@RepEvanJenkins on last night's #JointAddress https://t.co/qVlFxVoXyV,,False,Wed Mar 01 17:43:19 +0000 2017,12,836995276074266626
171,TweetDeck,.@RepTomMarino on last night's #JointAddress https://t.co/dNQtiKzpEB,,False,Wed Mar 01 17:46:32 +0000 2017,38,836996086606807046
244,TweetDeck,.@RepKevinBrady on last night's #JointAddress https://t.co/u3a5qlAYS1,,False,Wed Mar 01 17:44:24 +0000 2017,70,836995550885064704
306,SnappyTV.com,ICYMI: Watch @POTUS Trump's #JointAddress to Congress https://t.co/zT56mxV2St,,False,Wed Mar 01 17:54:25 +0000 2017,111,836998070009155584
43,TweetDeck,Meet the special guests that attended @POTUS Trump's #JointAddress: https://t.co/LZzhmbilf1,,False,Wed Mar 01 21:48:19 +0000 2017,24,837056933777534983
